relative_path,size_bytes,extension,classification,likely_role
.dropbox,10,,archive only,other archive material
2015.04.15_morning.do,682,do,archive only,analysis code
"Admin/1314-010 Halliday, S. IRB_Approval 10-3-13.pdf",139678,pdf,archive only,other archive material
Admin/Budget_BHL.xls,35328,xls,archive only,data or experiment output
Admin/CV_Gabriel Burdin.pdf,54663,pdf,archive only,other archive material
Admin/Completion Report_ Fabio.pdf,122847,pdf,archive only,other archive material
Admin/Completion Report_Gabriel Burdin.pdf,104726,pdf,archive only,other archive material
Admin/Consent_to_Participate_Form.doc,224256,doc,archive only,other archive material
Admin/Cover Note with Changes.docx,96347,docx,archive only,other archive material
Admin/Experimental Economics Recruitment Form.docx,35658,docx,archive only,other archive material
"Admin/Halliday, S. IRB_Approval 10-3-13.pdf",139678,pdf,archive only,other archive material
Admin/IRBResearchProposalForm_halliday.docx,145736,docx,archive only,other archive material
Admin/IRBResearchProposalForm_halliday_revised_10.02.2013.docx,150660,docx,archive only,other archive material
Admin/Participant_Consent_22713.doc,73216,doc,archive only,other archive material
Admin/Participant_Consent_Smith.doc,70656,doc,archive only,other archive material
Admin/UMass_clearance.pdf,23793,pdf,archive only,other archive material
Admin/fabio_CV.doc,64512,doc,archive only,other archive material
Admin/hallidayirb.docx,150660,docx,archive only,other archive material
Admin/irb_continuation_halliday_2014.10.02.pdf,80264,pdf,archive only,other archive material
Admin/participant_consent_smith_final.doc,72704,doc,archive only,other archive material
Admin/participant_consent_smith_revised_10.02.2013.doc,72704,doc,archive only,other archive material
Admin/participant_consent_smith_revised_2014.04.24.doc,72704,doc,archive only,other archive material
Admin/umass_human_subjects.pdf,17349,pdf,archive only,other archive material
Admin/willis lab reservations_non-UMass.xlsx,32692,xlsx,archive only,data or experiment output
Azrieli_Cambers_Healy-CombinedDecisions.pdf,328493,pdf,archive only,other archive material
Book/Economics Lab - An Intensive Course in Experimental Economics.pdf,1938489,pdf,archive only,other archive material
Book/Wooldridge - Introductory Econometrics_3ed.pdf,6477575,pdf,archive only,other archive material
Budget.xlsx,9566,xlsx,archive only,data or experiment output
ECO311 - First Class Survey.docx,71989,docx,archive only,other archive material
Experiment/Autonomy_Scale_US.ztt,51510,ztt,needs review,zTree program
Experiment/Autonomy_Scale_US_ed1.ztt,53258,ztt,needs review,zTree program
Experiment/C10_4_US.ztt,13060,ztt,needs review,zTree program
Experiment/Final Instructions/C10_US.docx,168956,docx,include,instrument or appendix
Experiment/Final Instructions/Demographic_Questionnaire.docx,37988,docx,include,instrument or appendix
Experiment/Final Instructions/GCOS-12vignette.pdf,79910,pdf,include,instrument or appendix
Experiment/Final Instructions/Old or Edited/C10 edited version.docx,76574,docx,needs review,instrument or appendix
Experiment/Final Instructions/Old or Edited/C10_A_2014.04.24.docx,168956,docx,needs review,instrument or appendix
Experiment/Final Instructions/Old or Edited/TP10 edited version.doc,121344,doc,needs review,instrument or appendix
Experiment/Final Instructions/TP10_US.doc,92672,doc,include,instrument or appendix
Experiment/Final Instructions/burdin_halliday_landini-2015-appendix.pdf,403506,pdf,include,instrument or appendix
Experiment/controls-C10.xlsx,45104,xlsx,needs review,data or experiment output
Experiment/random_numbers.xlsx,25526,xlsx,needs review,data or experiment output
Experiment/treatment - TP10.xlsx,35359,xlsx,needs review,data or experiment output
KFV2.ztt,17995,ztt,archive only,zTree program
KFV2_ed1.ztt,17996,ztt,archive only,zTree program
KFV2_ed2.ztt,17996,ztt,archive only,zTree program
KFV2_other.ztt,17995,ztt,archive only,zTree program
Master bibliography/Boss_Kirsch_Angermeier citation.tex,475,tex,archive only,literature/reference material
Master bibliography/Brandts_charness_2011_published version.tex,450,tex,archive only,literature/reference material
Master bibliography/Citations for papers for ongoing projects/Besley_what_s the good for the market.tex,355,tex,archive only,literature/reference material
Master bibliography/Citations for papers for ongoing projects/Choi et al_who is more rational.tex,357,tex,archive only,literature/reference material
Master bibliography/Citations for papers for ongoing projects/Duffy&Puzello_2013_gift vs monetary exchange.tex,354,tex,archive only,literature/reference material
Master bibliography/Citations for papers for ongoing projects/Fisman et al_distributional preferences change_2014.tex,1187,tex,archive only,literature/reference material
Master bibliography/Citations for papers for ongoing projects/Gross_paradoxical evolution of agriculture.tex,825,tex,archive only,literature/reference material
Master bibliography/Citations for papers for ongoing projects/Haushofer&Fehr_on the psychology of poverty.tex,1249,tex,archive only,literature/reference material
Master bibliography/Citations for papers for ongoing projects/Maier-Rigaud et al_Ostracism and provision of public good.tex,1089,tex,archive only,literature/reference material
Master bibliography/Citations for papers for ongoing projects/McMillan&Hart_driving the african growth miracle_2014.tex,990,tex,archive only,literature/reference material
Master bibliography/Citations for papers for ongoing projects/Nunn et al_2014_us food aid and civil conflict.tex,320,tex,archive only,literature/reference material
Master bibliography/Citations for papers for ongoing projects/Pennisi_2014_our egalitarian eden.tex,354,tex,archive only,literature/reference material
Master bibliography/Citations for papers for ongoing projects/Pringle_2014_ancient roots of 1_.tex,359,tex,archive only,literature/reference material
Master bibliography/Citations for papers for ongoing projects/Rupp_Teaching economics with chocolate_2014.tex,1293,tex,archive only,literature/reference material
Master bibliography/Citations for papers for ongoing projects/Spolaore et al_roots of economic development.tex,344,tex,archive only,literature/reference material
Master bibliography/Citations for papers for ongoing projects/Temin_economic history and development_2014.tex,1656,tex,archive only,literature/reference material
Master bibliography/Fehr_intentions matter_2008.tex,538,tex,archive only,literature/reference material
Master bibliography/Fischbacher_Gachter_2012_validity of strategy in PGG_published version.tex,520,tex,archive only,literature/reference material
Master bibliography/Goeree&Holt_asymmetric inequality aversion_2000.tex,576,tex,archive only,literature/reference material
Master bibliography/Grund&Nielsen_The Dispersion of Employees_ Wage Increases and Firm Performance.tex,2056,tex,archive only,literature/reference material
Master bibliography/Lacour_intentions in trust games_2012.tex,488,tex,archive only,literature/reference material
Master bibliography/Legitimacy of control_schnedler vadovic_published version_2011.tex,425,tex,archive only,literature/reference material
Master bibliography/Nelson Jr_equity or intention_2001.tex,511,tex,archive only,literature/reference material
Master bibliography/Nikiforakis_exploitation_2013_published version.tex,422,tex,archive only,literature/reference material
Master bibliography/Plonter et al._2012_published.tex,447,tex,archive only,literature/reference material
Master bibliography/Sliwka citation.tex,1122,tex,archive only,literature/reference material
Master bibliography/Sliwka_motivation crowding out.tex,247,tex,archive only,literature/reference material
Master bibliography/Smith_friendorfoe_2000.tex,583,tex,archive only,literature/reference material
Master bibliography/Wahl_Trust in Authorities and Power to Enforce Tax Compliance.tex,509,tex,archive only,literature/reference material
Master bibliography/Wiederhold_Sept 2012_published version.tex,349,tex,archive only,literature/reference material
Master bibliography/bartling fehr schmidt 2013 published version citation.tex,548,tex,archive only,literature/reference material
Master bibliography/delegation_2012_published version.tex,433,tex,archive only,literature/reference material
Master bibliography/homo reciprocans_Dohmen_2009_published version.tex,433,tex,archive only,literature/reference material
Master bibliography/representative_reciprocity_dohmen_2008_published version.tex,431,tex,archive only,literature/reference material
Paper/R&R3 responses.docx,25227,docx,archive only,other archive material
Paper/control_aversion_jebo_Final.docx,165475,docx,archive only,other archive material
Paper/control_aversion_jebo_FinalR&R3.docx,191394,docx,archive only,other archive material
Paper/old versions/Control_aversion_2015.04.20.docx,429026,docx,archive only,other archive material
Paper/old versions/Control_aversion_2015.04.20.pdf,1627991,pdf,archive only,other archive material
Paper/old versions/Control_aversion_2015.04.28.docx,497177,docx,archive only,other archive material
Paper/old versions/Control_aversion_2015.04.28.pdf,1639222,pdf,archive only,other archive material
Paper/old versions/Control_aversion_2015.05.12 (1) gab2.docx,548450,docx,archive only,other archive material
Paper/old versions/Control_aversion_2015.05.12.docx,505436,docx,archive only,other archive material
Paper/old versions/Control_aversion_2015.05.12.docx(1),687581,docx(1),archive only,other archive material
Paper/old versions/Control_aversion_2015.05.25.docx,537227,docx,archive only,other archive material
Paper/old versions/Control_aversion_2015.06.30.docx,520924,docx,archive only,other archive material
Paper/old versions/Control_aversion_2015.07.10(1).docx,489841,docx,archive only,other archive material
Paper/old versions/Control_aversion_2015.07.10.docx,481155,docx,archive only,other archive material
Paper/old versions/Control_aversion_2015.07.10.pdf,928792,pdf,archive only,other archive material
Paper/old versions/Control_aversion_2015.07.31.docx,509748,docx,archive only,other archive material
Paper/old versions/Control_aversion_2015.08.03.docx,508470,docx,archive only,other archive material
Paper/old versions/Control_aversion_2015.08.03.pdf,1128789,pdf,archive only,other archive material
Paper/old versions/Control_aversion_JEBO_new_FL_GB_SH.docx,468242,docx,archive only,other archive material
Paper/old versions/Control_aversion_JEBO_new_FL_GB_SH_GB2_FL2_SH2.docx,245941,docx,archive only,other archive material
Paper/old versions/Control_aversion_JEBO_new_FL_GB_SH_GB2_FL2_SH2_GB3_FL3_SH3.docx,249282,docx,archive only,other archive material
Paper/old versions/Online Appendix__SH.docx,35464,docx,archive only,instrument or appendix
Paper/old versions/Responses to Editor and Referees.doc,103424,doc,archive only,other archive material
Paper/old versions/Responses to Editor and Referees_ed.doc,116224,doc,archive only,other archive material
Paper/old versions/abstract_2015.02.06.docx,119007,docx,archive only,other archive material
Paper/old versions/abstract_2015.04.15.docx,119917,docx,archive only,other archive material
Paper/old versions/control_aversion_2014.06.16.docx,236080,docx,archive only,other archive material
Paper/old versions/control_aversion_jebo_rr2_fl_sh.2.pdf,58112,pdf,archive only,other archive material
Paper/old versions/control_aversion_jebo_rr2_fl_sh.docx,259536,docx,archive only,other archive material
Paper/old versions/control_aversion_jebo_rr2_fl_sh.pdf,545047,pdf,archive only,other archive material
Pilot/140317_1048.gsf,4,gsf,needs review,data or experiment output
Pilot/Autonomy_ScaleOK.ztt,52456,ztt,archive only,zTree program
Pilot/Avviso1107.pdf,18783,pdf,archive only,other archive material
Pilot/Participants.xls,48128,xls,archive only,data or experiment output
Pilot/Results/Results_pilot (2).doc,210944,doc,archive only,other archive material
Pilot/Results/Results_pilot (3).doc,230912,doc,archive only,other archive material
Pilot/Results/Results_pilot (4) (Simon Halliday_s conflicted copy 2014-03-17).doc,207872,doc,archive only,other archive material
Pilot/Results/Results_pilot (4).doc,207872,doc,archive only,other archive material
Pilot/Results/Results_pilot _4.pdf,67063,pdf,archive only,other archive material
Pilot/Results/experiment.do,2829,do,archive only,analysis code
Pilot/Results/libro1.dta,17402,dta,archive only,data or experiment output
Pilot/Results/results in excel.rar,20072,rar,archive only,other archive material
Pilot/Testquest.xls,13824,xls,archive only,data or experiment output
Pilot/Z-tree/140417_1214.gsf,328,gsf,needs review,data or experiment output
Pilot/Z-tree/140417_1233.gsf,4,gsf,needs review,data or experiment output
Pilot/Z-tree/140417_1245.gsf,112805,gsf,needs review,data or experiment output
Pilot/Z-tree/140417_1245.sbj,132,sbj,needs review,data or experiment output
Pilot/Z-tree/140417_1245.xls,1996,xls,archive only,data or experiment output
Pilot/Z-tree/140417_1318.gsf,4,gsf,needs review,data or experiment output
Pilot/Z-tree/140417_1319.gsf,650,gsf,needs review,data or experiment output
Pilot/Z-tree/140417_1356.gsf,4,gsf,needs review,data or experiment output
Pilot/Z-tree/140417_1358.gsf,4,gsf,needs review,data or experiment output
Pilot/Z-tree/140417_1403.gsf,583636,gsf,needs review,data or experiment output
Pilot/Z-tree/140417_1403.sbj,132,sbj,needs review,data or experiment output
Pilot/Z-tree/140417_1403.xls,3513,xls,archive only,data or experiment output
Pilot/Z-tree/140419_1128.gsf,0,gsf,needs review,data or experiment output
Pilot/Z-tree/140424_1600.gsf,218512,gsf,needs review,data or experiment output
Pilot/Z-tree/140424_1600.sbj,124,sbj,needs review,data or experiment output
Pilot/Z-tree/140424_1613.gsf,218503,gsf,needs review,data or experiment output
Pilot/Z-tree/140424_1613.sbj,124,sbj,needs review,data or experiment output
Pilot/Z-tree/140424_1618.gsf,4,gsf,needs review,data or experiment output
Pilot/Z-tree/140424_1622.gsf,218521,gsf,needs review,data or experiment output
Pilot/Z-tree/140424_1622.sbj,124,sbj,needs review,data or experiment output
Pilot/Z-tree/140424_1628.gsf,4,gsf,needs review,data or experiment output
Pilot/Z-tree/140424_1629.gsf,218530,gsf,needs review,data or experiment output
Pilot/Z-tree/140424_1629.sbj,124,sbj,needs review,data or experiment output
Pilot/Z-tree/140424_1636.gsf,218323,gsf,needs review,data or experiment output
Pilot/Z-tree/140424_1636.sbj,124,sbj,needs review,data or experiment output
Pilot/Z-tree/140424_1648.gsf,145306,gsf,needs review,data or experiment output
Pilot/Z-tree/140424_1648.sbj,116,sbj,needs review,data or experiment output
Pilot/Z-tree/140424_1926.gsf,145306,gsf,needs review,data or experiment output
Pilot/Z-tree/140424_1926.sbj,116,sbj,needs review,data or experiment output
Pilot/Z-tree/140424_1928.gsf,4,gsf,needs review,data or experiment output
Pilot/Z-tree/140424_1929.gsf,218323,gsf,needs review,data or experiment output
Pilot/Z-tree/140424_1929.sbj,124,sbj,needs review,data or experiment output
Pilot/Z-tree/140424_2034.gsf,141128,gsf,needs review,data or experiment output
Pilot/Z-tree/140424_2034.sbj,116,sbj,needs review,data or experiment output
Pilot/Z-tree/140424_2036.gsf,4,gsf,needs review,data or experiment output
Pilot/Z-tree/140424_2039.gsf,4,gsf,needs review,data or experiment output
Pilot/Z-tree/140424_2040.gsf,4,gsf,needs review,data or experiment output
Pilot/Z-tree/140424_2041.gsf,4,gsf,needs review,data or experiment output
Pilot/Z-tree/140513_1030.gsf,141103,gsf,needs review,data or experiment output
Pilot/Z-tree/140513_1030.sbj,117,sbj,needs review,data or experiment output
Pilot/Z-tree/@1.ztt,17995,ztt,archive only,zTree program
Pilot/Z-tree/@10.ztt,73060,ztt,archive only,zTree program
Pilot/Z-tree/@11.ztt,73057,ztt,archive only,zTree program
Pilot/Z-tree/@12.ztt,73063,ztt,archive only,zTree program
Pilot/Z-tree/@13.ztt,73066,ztt,archive only,zTree program
Pilot/Z-tree/@14.ztt,72997,ztt,archive only,zTree program
Pilot/Z-tree/@15.ztt,72937,ztt,archive only,zTree program
Pilot/Z-tree/@16.ztt,72937,ztt,archive only,zTree program
Pilot/Z-tree/@17.ztt,72997,ztt,archive only,zTree program
Pilot/Z-tree/@18.ztt,72937,ztt,archive only,zTree program
Pilot/Z-tree/@19.ztt,72937,ztt,archive only,zTree program
Pilot/Z-tree/@2.ztt,17995,ztt,archive only,zTree program
Pilot/Z-tree/@3.ztt,17995,ztt,archive only,zTree program
Pilot/Z-tree/@4.ztt,17995,ztt,archive only,zTree program
Pilot/Z-tree/@5.ztt,17995,ztt,archive only,zTree program
Pilot/Z-tree/@6.ztt,17995,ztt,archive only,zTree program
Pilot/Z-tree/@7.ztt,17995,ztt,archive only,zTree program
Pilot/Z-tree/@8.ztt,51510,ztt,archive only,zTree program
Pilot/Z-tree/@9.ztt,51690,ztt,archive only,zTree program
Pilot/Z-tree/@db.txt,232,txt,archive only,other archive material
Pilot/Z-tree/@lastclt.txt,77,txt,archive only,other archive material
Pilot/Z-tree/@prevdb.txt,232,txt,archive only,other archive material
Pilot/Z-tree/Autonomy_Scale.ztt,52259,ztt,archive only,zTree program
Pilot/Z-tree/C10_4.ztt,12994,ztt,archive only,zTree program
Pilot/Z-tree/CPU10_4.ztt,11586,ztt,archive only,zTree program
Pilot/Z-tree/old/Autonomy_Scale.ztt,50907,ztt,archive only,zTree program
Pilot/Z-tree/old/C10.ztt,8318,ztt,archive only,zTree program
Pilot/Z-tree/old/C10_2.ztt,11839,ztt,archive only,zTree program
Pilot/Z-tree/old/CPU10_2.ztt,10039,ztt,archive only,zTree program
Pilot/Z-tree/old/managers3.ztt,28392,ztt,archive only,zTree program
Pilot/Z-tree/server.eec,25,eec,archive only,other archive material
Pilot/Z-tree/zleaf.exe,1093632,exe,exclude,other archive material
Pilot/Z-tree/ztree.exe,1646592,exe,exclude,other archive material
Pilot/old/C10_A.doc,44544,doc,archive only,other archive material
Pilot/old/C10_B.doc,29696,doc,archive only,other archive material
Pilot/old/C10_IT_new.doc,33792,doc,archive only,other archive material
Pilot/old/CPU10_A.doc,32256,doc,archive only,other archive material
Pilot/old/CPU10_B.doc,30720,doc,archive only,other archive material
Pilot/old/CPU10_IT_new.doc,36352,doc,archive only,other archive material
Pilot/old/Scale Autonomy.doc,113664,doc,archive only,other archive material
Pilot/old/Scale Autonomy_IT.doc,125952,doc,archive only,other archive material
Pilot/original_instr_F&K.pdf,62682,pdf,archive only,other archive material
Pilot/server.eec,38,eec,archive only,other archive material
Pilot/test.xls,69120,xls,archive only,data or experiment output
Pilot/wp_2010_007.pdf,897551,pdf,archive only,other archive material
Pilot/zz_Istruzioni/C10_IT_new.doc,42496,doc,archive only,other archive material
Pilot/zz_Istruzioni/CPU10_IT_new.doc,44544,doc,archive only,other archive material
Pilot/zz_Istruzioni/Scale Autonomy.doc,115712,doc,archive only,other archive material
Pilot/zz_Istruzioni/Scale Autonomy_IT.doc,129536,doc,archive only,other archive material
Pilot/zz_Istruzioni/ss agente A.bmp,2359350,bmp,archive only,other archive material
Pilot/zz_Istruzioni/ss agente A_cpu.bmp,2359350,bmp,archive only,other archive material
Presentation/Screen Shot 2015-05-01 at 10.02.38 AM.png,35852,png,archive only,presentation/figure source
Presentation/Screen Shot 2015-05-01 at 9.59.45 AM.png,55738,png,archive only,presentation/figure source
Presentation/autonomy_control_lafayette.pptx,5153693,pptx,archive only,presentation/figure source
Presentation/autonomy_control_short_CEBERG.pdf,2227746,pdf,archive only,other archive material
Presentation/autonomy_control_short_CEBERG.pptx,4981019,pptx,archive only,presentation/figure source
Presentation/autonomy_control_short_SEA.pdf,2340166,pdf,archive only,other archive material
Presentation/autonomy_control_short_SEA.pptx,5207811,pptx,archive only,presentation/figure source
Presentation/autonomy_control_short_SFI.pptx,5199906,pptx,archive only,presentation/figure source
Presentation/autonomy_control_short_UMass.pptx,4981977,pptx,archive only,presentation/figure source
Presentation/game_tree.ograph,19325,ograph,archive only,presentation/figure source
Presentation/game_tree.pdf,18394,pdf,archive only,other archive material
Presentation/game_tree_TP10.ograph,20780,ograph,archive only,presentation/figure source
Presentation/game_tree_TP10.pdf,20000,pdf,archive only,other archive material
Principal_expected_payoffs.xlsx,43034,xlsx,archive only,data or experiment output
Proposal/C10_A.doc,44544,doc,archive only,other archive material
Proposal/C10_A_2014.04.24.docx,168956,docx,archive only,other archive material
Proposal/C10_A_TP10.doc,76800,doc,archive only,other archive material
Proposal/C10_A_US (Simon Halliday_s conflicted copy 2014-03-17).doc,45568,doc,archive only,other archive material
Proposal/C10_A_US.doc,49152,doc,archive only,other archive material
Proposal/C10_B_2014.04.24.docx,99274,docx,archive only,other archive material
Proposal/C10_B_US.doc,29696,doc,archive only,other archive material
Proposal/Instruction_C10.doc,51200,doc,archive only,instrument or appendix
Proposal/Project Abstract and Basic Procedure.docx,147276,docx,archive only,other archive material
Proposal/Project.doc,331264,doc,archive only,other archive material
Proposal/Project.pdf,191568,pdf,archive only,other archive material
Proposal/Questionnaire_revised_10.02.2013.docx,121641,docx,archive only,instrument or appendix
Proposal/TP10_US.doc,113664,doc,archive only,other archive material
Proposal/Treatments.docx,117816,docx,archive only,other archive material
Questionnaires/2012_WeinsteinPrzybylskiRyan_JRP.pdf,454951,pdf,needs review,instrument or appendix
Questionnaires/GCOSfull_17 vignette version.pdf,161382,pdf,needs review,instrument or appendix
Questionnaires/General Causality Orientation Scale_12v_original.doc,115712,doc,needs review,instrument or appendix
Questionnaires/draftmanual_svs_14feb2009.doc,281600,doc,needs review,instrument or appendix
Questionnaires/dropped_questions.docx,64778,docx,needs review,instrument or appendix
Questionnaires/personen_en_2005.pdf,388859,pdf,needs review,instrument or appendix
Questionnaires/schwartz-value-inventory.pdf,575413,pdf,needs review,instrument or appendix
Reimburesement and Advances/advance_experimental_subject_payments.pdf,240289,pdf,exclude,administrative/payment record
Reimburesement and Advances/parking_receipts.pdf,19632,pdf,exclude,administrative/payment record
Scanned from a Xerox Multifunction Device (5).pdf,321999,pdf,archive only,other archive material
Stata/2011.02.15.do,926,do,archive only,analysis code
Stata/Untitled.do,14301,do,archive only,analysis code
Stata/Ziegelmeyer - supplementary/10683_2011_9302_MOESM1_ESM.pdf,656087,pdf,archive only,other archive material
Stata/Ziegelmeyer - supplementary/10683_2011_9302_MOESM2_ESM.xls,416256,xls,archive only,data or experiment output
Stata/agent_regressions.doc,1493,doc,archive only,other archive material
Stata/agent_regressions.rtf,2893,rtf,archive only,other archive material
Stata/agent_regressions.txt,376,txt,archive only,other archive material
Stata/agent_regressions1.doc,2712,doc,archive only,other archive material
Stata/agent_regressions1.txt,1025,txt,archive only,other archive material
Stata/agent_regressions2.doc,3998,doc,archive only,other archive material
Stata/agent_regressions2.txt,1476,txt,archive only,other archive material
Stata/agent_regressions_gcos.doc,2384,doc,archive only,other archive material
Stata/agent_regressions_gcos.txt,789,txt,archive only,other archive material
Stata/agent_regressions_gcos_int.doc,2675,doc,archive only,other archive material
Stata/agent_regressions_gcos_int.txt,1055,txt,archive only,other archive material
Stata/agent_regressions_gcos_lpm.doc,1713,doc,archive only,other archive material
Stata/agent_regressions_gcos_lpm.txt,611,txt,archive only,other archive material
Stata/agent_regressions_st.doc,2050,doc,archive only,other archive material
Stata/agent_regressions_st.txt,686,txt,archive only,other archive material
Stata/agent_regressions_tests.doc,3664,doc,archive only,other archive material
Stata/agent_regressions_tests.txt,1469,txt,archive only,other archive material
Stata/agent_regressions_tests_lpm.doc,2607,doc,archive only,other archive material
Stata/agent_regressions_tests_lpm.txt,1097,txt,archive only,other archive material
Stata/agent_regressions_tests_unbounded.doc,1581,doc,archive only,other archive material
Stata/agent_regressions_tests_unbounded.txt,699,txt,archive only,other archive material
Stata/backup/merged_treatment_control.dta,57419,dta,archive only,data or experiment output
Stata/bootstrap.xlsx,2569,xlsx,archive only,data or experiment output
Stata/clustse_rated.tex,2229,tex,archive only,other archive material
Stata/clustse_rating.tex,1471,tex,archive only,other archive material
Stata/cumul_exp1.pdf,16144,pdf,archive only,other archive material
Stata/cumul_exp2.pdf,16686,pdf,archive only,other archive material
Stata/data_for_kolmogorov_smirnov_old_unusable.xlsx,70361,xlsx,archive only,data or experiment output
Stata/deduction_points.eps,17306,eps,archive only,other archive material
Stata/do/2015.04.17.do,2058,do,archive only,legacy exploratory Stata code
Stata/do/2015.04.20.do,10713,do,archive only,legacy exploratory Stata code
Stata/do/2015.04.21.do,2480,do,archive only,legacy exploratory Stata code
Stata/do/2015.04.22.do,963,do,archive only,legacy exploratory Stata code
Stata/do/2015.04.23.do,27779,do,archive only,legacy exploratory Stata code
Stata/do/2015.04.25.do,6852,do,archive only,legacy exploratory Stata code
Stata/do/2015.04.27.do,1678,do,archive only,legacy exploratory Stata code
Stata/do/2015.05.13.do,6722,do,archive only,legacy exploratory Stata code
Stata/do/2015.05.14.do,3810,do,archive only,legacy exploratory Stata code
Stata/do/2015.05.15.do,3743,do,archive only,legacy exploratory Stata code
Stata/do/2015.05.19.do,1838,do,archive only,legacy exploratory Stata code
Stata/do/2015.05.20.do,3727,do,archive only,legacy exploratory Stata code
Stata/do/Untitled.dta,42116,dta,archive only,data or experiment output
Stata/do/agent_regression_gcos.do,1920,do,archive only,legacy exploratory Stata code
Stata/do/agent_regressions.do,1689,do,archive only,legacy exploratory Stata code
Stata/do/agent_regressions_outreg.do,1989,do,archive only,legacy exploratory Stata code
Stata/do/agent_regressions_outreg_mergedkf_ziegel.do,1999,do,archive only,legacy exploratory Stata code
Stata/do/alpha.do,668,do,archive only,legacy exploratory Stata code
Stata/do/bar_graph_intervals.do,472,do,archive only,legacy exploratory Stata code
Stata/do/bhl_kf_ziegel.do,4796,do,archive only,legacy exploratory Stata code
Stata/do/bootstrap_means.do,362,do,archive only,legacy exploratory Stata code
Stata/do/cumul_transdif.do,783,do,archive only,legacy exploratory Stata code
Stata/do/cumulative_distributions.do,1499,do,archive only,legacy exploratory Stata code
Stata/do/cumulative_distributions_egen.do,905,do,archive only,legacy exploratory Stata code
Stata/do/fishers_tests_tabulate.do,1205,do,archive only,legacy exploratory Stata code
Stata/do/gcos_categories_barchar.do,439,do,archive only,legacy exploratory Stata code
Stata/do/gcos_sum.do,251,do,archive only,legacy exploratory Stata code
Stata/do/general_causality_variables.do,1377,do,archive only,legacy exploratory Stata code
Stata/do/kruskal_wallis_tests.do,120,do,archive only,legacy exploratory Stata code
Stata/do/ksmirnov.do,470,do,archive only,legacy exploratory Stata code
Stata/do/master_do_file.do,25802,do,include,analysis code
Stata/do/merged_kf_ziegel.dta,104398,dta,archive only,data or experiment output
Stata/do/mlogits.do,654,do,archive only,legacy exploratory Stata code
Stata/do/mlogits_other.do,307,do,archive only,legacy exploratory Stata code
Stata/do/principal_and_third_party_control_behavior.do,681,do,archive only,legacy exploratory Stata code
Stata/do/regressions_wald_tests.do,2605,do,archive only,legacy exploratory Stata code
Stata/do/regressions_walds_Ftests_notused.do,590,do,archive only,legacy exploratory Stata code
Stata/do/signrank_tests.do,367,do,archive only,legacy exploratory Stata code
Stata/do/variable_generation.do,2088,do,archive only,legacy exploratory Stata code
Stata/falk_kosfeld_data.csv,7178,csv,archive only,data or experiment output
Stata/falk_kosfeld_data.dta,8838,dta,archive only,data or experiment output
Stata/falk_kosfeld_data.xls,55296,xls,archive only,data or experiment output
Stata/figures/cumul_exp1.pdf,15128,pdf,archive only,other archive material
Stata/figures/cumul_exp2.pdf,15406,pdf,archive only,other archive material
Stata/figures/cumul_transdif.pdf,15240,pdf,archive only,other archive material
Stata/figures/gcos_index.pdf,16698,pdf,archive only,other archive material
Stata/figures/kdensity.jpg,94392,jpg,archive only,other archive material
Stata/figures/kdensity.pdf,28730,pdf,archive only,other archive material
Stata/figures/kdensity_ubx_transform.jpg,98583,jpg,archive only,other archive material
Stata/figures/mean_allocations.pdf,15024,pdf,archive only,other archive material
Stata/gcos.rtf,1994,rtf,archive only,other archive material
Stata/gcos2.rtf,1698,rtf,archive only,other archive material
Stata/gcos2_agents.rtf,1694,rtf,archive only,other archive material
Stata/gcos_agents.rtf,1976,rtf,archive only,other archive material
Stata/kdensity_gcos.pdf,26459,pdf,archive only,other archive material
Stata/kolmogorov_smirnov_stacked.dta,16580,dta,archive only,data or experiment output
Stata/kolmogorov_smirnov_stacked_dropped_A.dta,8228,dta,archive only,data or experiment output
Stata/ks_data.csv,20486,csv,archive only,data or experiment output
Stata/ks_data.xlsx,70636,xlsx,archive only,data or experiment output
Stata/log/2015.04.17.do,0,do,archive only,analysis code
Stata/log/2015.04.17.log,9159,log,archive only,other archive material
Stata/log/2015.04.20.log,47544,log,archive only,other archive material
Stata/log/2015.04.20_am.log,467,log,archive only,other archive material
Stata/log/2015.04.21.log,29232,log,archive only,other archive material
Stata/log/2015.04.22.log,20344,log,archive only,other archive material
Stata/log/2015.04.23.log,124593,log,archive only,other archive material
Stata/log/2015.04.25.log,66707,log,archive only,other archive material
Stata/log/2015.04.27.do,1916,do,archive only,analysis code
Stata/log/2015.04.27.log,23040,log,archive only,other archive material
Stata/log/2015.05.13.log,172160,log,archive only,other archive material
Stata/log/2015.05.14.log,82459,log,archive only,other archive material
Stata/log/2015.05.15.log,118940,log,archive only,other archive material
Stata/log/2015.05.19.log,16933,log,archive only,other archive material
Stata/log/2015.05.20.log,15954,log,archive only,other archive material
Stata/log/halliday_2017.01.30.txt,69647,txt,archive only,other archive material
Stata/log/simon_2017.02.06.txt,12421,txt,archive only,other archive material
Stata/merged_treatment_control.dta,84298,dta,include,data or experiment output
Stata/mlgits.txt,513,txt,archive only,other archive material
Stata/mlogits.doc,49682,doc,archive only,other archive material
Stata/mlogits.txt,549,txt,archive only,other archive material
Stata/mlogits_pooled.doc,1910,doc,archive only,other archive material
Stata/mlogits_pooled.txt,716,txt,archive only,other archive material
Stata/mlogtits.txt,460,txt,archive only,other archive material
Stata/punish_dum.eps,17319,eps,archive only,other archive material
Stata/results.xlsx,2657,xlsx,archive only,data or experiment output
Stata/tppdata.csv,958223,csv,archive only,data or experiment output
Stata/tppdata.out,958223,out,archive only,other archive material
articles/120616_exploitation_Nikiforakis_2013_published version.pdf,1288537,pdf,archive only,literature/reference material
articles/120616_exploitation_dp_jebo2013.pdf,297721,pdf,archive only,literature/reference material
articles/20130726_001527_BARLING-ETAL.pdf,2281526,pdf,archive only,literature/reference material
articles/201411IntrinsicValueDecRights.pdf,693087,pdf,archive only,literature/reference material
articles/A09_Wiederhold.pdf,490240,pdf,archive only,literature/reference material
articles/A09_Wiederhold_Sept 2012_updated version.pdf,650810,pdf,archive only,literature/reference material
articles/Boly_2011.pdf,414578,pdf,archive only,literature/reference material
articles/DickinsonVillevalMonitoringGEB2008.pdf,391163,pdf,archive only,literature/reference material
articles/Dufwenberg_Kirschsteiger - 2004 - T. Sequential Reciprocity.pdf,361815,pdf,archive only,literature/reference material
articles/Fehr_intentions matter_2008.pdf,248057,pdf,archive only,literature/reference material
articles/Goeree&holt_asymmetric inequality aversion_2000.pdf,136068,pdf,archive only,literature/reference material
articles/Homo Reciprocans - Dohmen - 2009 - published version.pdf,155804,pdf,archive only,literature/reference material
articles/Incentives_motivation_crowding out_Irlenbusch_2005.pdf,366328,pdf,archive only,literature/reference material
articles/Lacour_intentions in trust games_2012.pdf,640336,pdf,archive only,literature/reference material
articles/Legitimacy of Control_published version_Schnedler - 2011 - Journal of Economics & Management Strategy.pdf,185117,pdf,archive only,literature/reference material
articles/McCabe et al_2002_pos reciprocity & intentions.pdf,68781,pdf,archive only,literature/reference material
articles/Nelson Jr_equity or intention_2001.pdf,65985,pdf,archive only,literature/reference material
articles/Papers for a variety of ongoing projects/Besley_what_s the good of the market.pdf,892605,pdf,archive only,literature/reference material
articles/Papers for a variety of ongoing projects/Choi et al_2013_who is more rational.pdf,357290,pdf,archive only,literature/reference material
articles/Papers for a variety of ongoing projects/Duffy&Puzzello_2013_gift vs monetary exhange.pdf,1442073,pdf,archive only,literature/reference material
articles/Papers for a variety of ongoing projects/Fisman et al_distributional preferences change_2014.pdf,1340107,pdf,archive only,literature/reference material
articles/Papers for a variety of ongoing projects/Maier-Rigaud et al_Ostracism and provision of public good.pdf,339887,pdf,archive only,literature/reference material
articles/Papers for a variety of ongoing projects/McMillan&Harttgen_driving the african growth miracle_2014.pdf,1154865,pdf,archive only,literature/reference material
articles/Papers for a variety of ongoing projects/Nunn et al 2014_US food aid and civil conflict.pdf,752232,pdf,archive only,literature/reference material
articles/Papers for a variety of ongoing projects/Rupp_Teaching economics with chocolate_2014.pdf,207904,pdf,archive only,literature/reference material
articles/Papers for a variety of ongoing projects/Science-2014-Haushofer-862-7.pdf,1194141,pdf,archive only,literature/reference material
articles/Papers for a variety of ongoing projects/Science-2014-Pennisi-824-5.pdf,793726,pdf,archive only,literature/reference material
articles/Papers for a variety of ongoing projects/Science-2014-Pringle-822-5.pdf,2212119,pdf,archive only,literature/reference material
articles/Papers for a variety of ongoing projects/Spolaore&Wacziarg_roots of economic development_2013.pdf,798508,pdf,archive only,literature/reference material
articles/Papers for a variety of ongoing projects/Temin_economic history and development_2014.pdf,252745,pdf,archive only,literature/reference material
articles/REPRESENTATIVE_RECIPROCITY_ PREVALENCE AND DETERMINANTS - DOHMEN - 2008 - published version.pdf,90951,pdf,archive only,literature/reference material
articles/S0167268103000039.html,43590,html,archive only,literature/reference material
articles/Sebald - Attribution and Reciprocity.pdf,329260,pdf,archive only,literature/reference material
articles/Sliwka 2007_trust as signal of social norm.pdf,2053313,pdf,archive only,literature/reference material
articles/Smith_friendorfoe_2000.pdf,325010,pdf,archive only,literature/reference material
articles/The Dispersion of Employees_ Wage Increases and Firm Performance.pdf,2043525,pdf,archive only,literature/reference material
articles/Trust in authorities_power_Wahl_2010.pdf,160668,pdf,archive only,literature/reference material
articles/Week 4/1-s2.0-S0167268112002132-main.pdf,332085,pdf,archive only,literature/reference material
articles/Week 4/Gilchrist et al - 2013.pdf,650369,pdf,archive only,literature/reference material
articles/Week 4/Jakiela et al - 2013.pdf,270825,pdf,archive only,literature/reference material
articles/Week 4/file228102.pdf,337279,pdf,archive only,literature/reference material
articles/Week 4/w20102.pdf,1042801,pdf,archive only,literature/reference material
articles/autonomy_control.tex,652,tex,archive only,literature/reference material
articles/bartling fehr schmidt 2012.pdf,365207,pdf,archive only,literature/reference material
articles/blount.pdf,1450066,pdf,archive only,literature/reference material
articles/control premium.pdf,1601158,pdf,archive only,literature/reference material
articles/delegation_july_2011.pdf,464174,pdf,archive only,literature/reference material
articles/file_homo reciprocans.pdf,903174,pdf,archive only,literature/reference material
articles/ginosharekmoore_obhdp_2011.pdf,490220,pdf,archive only,literature/reference material
articles/hidden cost of control IZA_2004.pdf,324283,pdf,archive only,literature/reference material
articles/hidden cost of controlAER_2006_published version.pdf,229417,pdf,archive only,literature/reference material
articles/intention based reciprocity_2011_siemens.pdf,307412,pdf,archive only,literature/reference material
articles/intention based reciprocity_2013_published version.pdf,600773,pdf,archive only,literature/reference material
articles/intrinsic value of decision rights_Bartling_2013.pdf,691052,pdf,archive only,literature/reference material
articles/ploner 2012_published version.pdf,440781,pdf,archive only,literature/reference material
"articles/ploner, 2011.pdf",897551,pdf,archive only,literature/reference material
articles/representative_reciprocity_short_EcInq_12.pdf,151522,pdf,archive only,literature/reference material
articles/strategy method vs direct method/Brandts and Charness 2010 The Strategy versus the Direct-response Method.pdf,211644,pdf,archive only,literature/reference material
articles/strategy method vs direct method/Brandts_Charness_2011_published version.pdf,541256,pdf,archive only,literature/reference material
articles/strategy method vs direct method/Fischbacher_Gachter_2012_validity of strategy in PGG_published version.pdf,770607,pdf,archive only,literature/reference material
articles/strategy method vs direct method/validity of the strategy method in PGG_2009-25.pdf,1026858,pdf,archive only,literature/reference material
articles/von Siemens - Intention-based reciprocity and hidden costs of control.pdf,690070,pdf,archive only,literature/reference material
data-autonomy/140425_1709.gsf,4680699,gsf,needs review,data or experiment output
data-autonomy/140425_1709.sbj,1879,sbj,needs review,data or experiment output
data-autonomy/2014.04.25 - C1 - CRASH - Unusable/140424_1047.adr,348,adr,needs review,data or experiment output
data-autonomy/2014.04.25 - C1 - CRASH - Unusable/140424_1129.adr,222,adr,needs review,data or experiment output
data-autonomy/2014.04.25 - C1 - CRASH - Unusable/140425_1350.adr,947,adr,needs review,data or experiment output
data-autonomy/2014.04.25 - C1 - CRASH - Unusable/140425_1350.gsf,4393921,gsf,needs review,data or experiment output
data-autonomy/2014.04.25 - C1 - CRASH - Unusable/140425_1350.pay,527,pay,needs review,data or experiment output
data-autonomy/2014.04.25 - C1 - CRASH - Unusable/140425_1350.sbj,2750,sbj,needs review,data or experiment output
data-autonomy/2014.04.25 - C1 - CRASH - Unusable/140425_1350.xls,13605,xls,needs review,data or experiment output
data-autonomy/2014.04.25 - T1/140425_1514.gsf,318,gsf,needs review,data or experiment output
data-autonomy/2014.04.25 - T1/140425_1519.adr,732,adr,needs review,data or experiment output
data-autonomy/2014.04.25 - T1/140425_1519.gsf,2800658,gsf,needs review,data or experiment output
data-autonomy/2014.04.25 - T1/140425_1519.pay,413,pay,needs review,data or experiment output
data-autonomy/2014.04.25 - T1/140425_1519.sbj,645,sbj,needs review,data or experiment output
data-autonomy/2014.04.25 - T1/140425_1519.xls,7592,xls,needs review,data or experiment output
data-autonomy/2014.04.25 - T1/question_140425_1519.xlsx,30373,xlsx,needs review,data or experiment output
data-autonomy/2014.04.25 - T2/140425_1709.adr,990,adr,needs review,data or experiment output
data-autonomy/2014.04.25 - T2/140425_1709.gsf,4680699,gsf,needs review,data or experiment output
data-autonomy/2014.04.25 - T2/140425_1709.pay,556,pay,needs review,data or experiment output
data-autonomy/2014.04.25 - T2/140425_1709.sbj,1879,sbj,needs review,data or experiment output
data-autonomy/2014.04.25 - T2/140425_1709.xls,14194,xls,needs review,data or experiment output
data-autonomy/2014.04.25 - T2/questionnaire.xlsx,44767,xlsx,needs review,data or experiment output
data-autonomy/2014.04.29 - C2/140429_0920.adr,947,adr,needs review,data or experiment output
data-autonomy/2014.04.29 - C2/140429_0920.gsf,4242272,gsf,needs review,data or experiment output
data-autonomy/2014.04.29 - C2/140429_0920.pay,538,pay,needs review,data or experiment output
data-autonomy/2014.04.29 - C2/140429_0920.sbj,2503,sbj,needs review,data or experiment output
data-autonomy/2014.04.29 - C2/140429_0920.xls,9723,xls,needs review,data or experiment output
data-autonomy/2014.04.29 - C2/questionnaire_140429_0920.xlsx,41890,xlsx,needs review,data or experiment output
data-autonomy/2014.04.29 - C3/140429_1147.adr,861,adr,needs review,data or experiment output
data-autonomy/2014.04.29 - C3/140429_1147.gsf,3475790,gsf,needs review,data or experiment output
data-autonomy/2014.04.29 - C3/140429_1147.pay,493,pay,needs review,data or experiment output
data-autonomy/2014.04.29 - C3/140429_1147.sbj,190,sbj,needs review,data or experiment output
data-autonomy/2014.04.29 - C3/140429_1147.xls,8880,xls,needs review,data or experiment output
data-autonomy/2014.04.29 - C3/questionnaire_140429_1147.xlsx,35027,xlsx,needs review,data or experiment output
data-autonomy/2014.05.01 - C4/140501_0927.adr,689,adr,needs review,data or experiment output
data-autonomy/2014.05.01 - C4/140501_0927.gsf,2537183,gsf,needs review,data or experiment output
data-autonomy/2014.05.01 - C4/140501_0927.pay,404,pay,needs review,data or experiment output
data-autonomy/2014.05.01 - C4/140501_0927.sbj,154,sbj,needs review,data or experiment output
data-autonomy/2014.05.01 - C4/140501_0927.xls,7287,xls,needs review,data or experiment output
data-autonomy/2014.05.01 - C4/questionnaire_. . . . . . ..xlsx,34886,xlsx,needs review,data or experiment output
data-autonomy/2014.05.01 - T3/140501_1052.adr,861,adr,needs review,data or experiment output
data-autonomy/2014.05.01 - T3/140501_1052.gsf,3712117,gsf,needs review,data or experiment output
data-autonomy/2014.05.01 - T3/140501_1052.pay,489,pay,needs review,data or experiment output
data-autonomy/2014.05.01 - T3/140501_1052.sbj,1558,sbj,needs review,data or experiment output
data-autonomy/2014.05.01 - T3/140501_1052.xls,8855,xls,needs review,data or experiment output
data-autonomy/2014.05.01 - T3/questionnaire_140501_1052.xlsx,40154,xlsx,needs review,data or experiment output
data-autonomy/2014.05.01 - T4/140501_1213.adr,861,adr,needs review,data or experiment output
data-autonomy/2014.05.01 - T4/140501_1213.gsf,3714309,gsf,needs review,data or experiment output
data-autonomy/2014.05.01 - T4/140501_1213.pay,487,pay,needs review,data or experiment output
data-autonomy/2014.05.01 - T4/140501_1213.sbj,1426,sbj,needs review,data or experiment output
data-autonomy/2014.05.01 - T4/140501_1213.xls,8787,xls,needs review,data or experiment output
data-autonomy/2014.05.01 - T4/questionnaire_140501_1213.xlsx,40211,xlsx,needs review,data or experiment output
data-autonomy/2015_autonomy_control_experiments/Control - 2015.04.01 - C1/150401_1409.adr,1119,adr,needs review,data or experiment output
data-autonomy/2015_autonomy_control_experiments/Control - 2015.04.01 - C1/150401_1409.gsf,5581938,gsf,needs review,data or experiment output
data-autonomy/2015_autonomy_control_experiments/Control - 2015.04.01 - C1/150401_1409.pay,612,pay,needs review,data or experiment output
data-autonomy/2015_autonomy_control_experiments/Control - 2015.04.01 - C1/150401_1409.sbj,3386,sbj,needs review,data or experiment output
data-autonomy/2015_autonomy_control_experiments/Control - 2015.04.01 - C1/150401_1409.xls,15874,xls,needs review,data or experiment output
data-autonomy/2015_autonomy_control_experiments/Treatment - 2015.04.01 - Treatment/150401_1456.adr,1119,adr,needs review,data or experiment output
data-autonomy/2015_autonomy_control_experiments/Treatment - 2015.04.01 - Treatment/150401_1456.gsf,5373081,gsf,needs review,data or experiment output
data-autonomy/2015_autonomy_control_experiments/Treatment - 2015.04.01 - Treatment/150401_1456.pay,622,pay,needs review,data or experiment output
data-autonomy/2015_autonomy_control_experiments/Treatment - 2015.04.01 - Treatment/150401_1456.sbj,2304,sbj,needs review,data or experiment output
data-autonomy/2015_autonomy_control_experiments/Treatment - 2015.04.01 - Treatment/150401_1456.xls,11154,xls,needs review,data or experiment output
data-autonomy/2015_autonomy_control_experiments/Treatment - 2015.04.06 - 1100/150406_1046.adr,990,adr,needs review,data or experiment output
data-autonomy/2015_autonomy_control_experiments/Treatment - 2015.04.06 - 1100/150406_1046.gsf,4192602,gsf,needs review,data or experiment output
data-autonomy/2015_autonomy_control_experiments/Treatment - 2015.04.06 - 1100/150406_1046.pay,555,pay,needs review,data or experiment output
data-autonomy/2015_autonomy_control_experiments/Treatment - 2015.04.06 - 1100/150406_1046.sbj,217,sbj,needs review,data or experiment output
data-autonomy/2015_autonomy_control_experiments/Treatment - 2015.04.06 - 1100/150406_1046.xls,9953,xls,needs review,data or experiment output
data-autonomy/2015_autonomy_control_experiments/Treatment - 2015.04.13 - 1000/150413_1027.adr,990,adr,needs review,data or experiment output
data-autonomy/2015_autonomy_control_experiments/Treatment - 2015.04.13 - 1000/150413_1027.gsf,4676982,gsf,needs review,data or experiment output
data-autonomy/2015_autonomy_control_experiments/Treatment - 2015.04.13 - 1000/150413_1027.pay,558,pay,needs review,data or experiment output
data-autonomy/2015_autonomy_control_experiments/Treatment - 2015.04.13 - 1000/150413_1027.sbj,2377,sbj,needs review,data or experiment output
data-autonomy/2015_autonomy_control_experiments/Treatment - 2015.04.13 - 1000/150413_1027.xls,14081,xls,needs review,data or experiment output
data-autonomy/2015_autonomy_control_experiments/Treatment - 2015.04.13 - 1200/150413_1152.adr,990,adr,needs review,data or experiment output
data-autonomy/2015_autonomy_control_experiments/Treatment - 2015.04.13 - 1200/150413_1152.gsf,4213865,gsf,needs review,data or experiment output
data-autonomy/2015_autonomy_control_experiments/Treatment - 2015.04.13 - 1200/150413_1152.pay,556,pay,needs review,data or experiment output
data-autonomy/2015_autonomy_control_experiments/Treatment - 2015.04.13 - 1200/150413_1152.sbj,217,sbj,needs review,data or experiment output
data-autonomy/2015_autonomy_control_experiments/Treatment - 2015.04.13 - 1200/150413_1152.xls,9992,xls,needs review,data or experiment output
data-autonomy/Consolidated/Control data.xlsx,49481,xlsx,archive only,data or experiment output
data-autonomy/Consolidated/Merged_old/merged.xlsx,114505,xlsx,archive only,data or experiment output
data-autonomy/Consolidated/Treatment data.xlsx,89112,xlsx,archive only,data or experiment output
data-autonomy/Consolidated/Treatment data_to merge.xlsx,89123,xlsx,archive only,data or experiment output
data-autonomy/Consolidated/Workbook1.xlsx,30424,xlsx,archive only,data or experiment output
data-autonomy/Consolidated/Workbook3.xlsx,45511,xlsx,archive only,data or experiment output
data-autonomy/Consolidated/merged_control_treatment.csv,66079,csv,include,data or experiment output
data-autonomy/Consolidated/merged_control_treatment.xlsx,120755,xlsx,archive only,data or experiment output
data-autonomy/Consolidated/questionnaires_treatment.xlsx,54249,xlsx,needs review,data or experiment output
data-autonomy/merged_kf_ziegel.csv,46813,csv,include,data or experiment output
data-autonomy/merged_kf_ziegel.xlsx,122828,xlsx,archive only,data or experiment output
data-autonomy/to_merge_kf_ziegelmeyer.xlsx,52262,xlsx,archive only,data or experiment output
gran_proposal_halliday.pdf,91445,pdf,archive only,other archive material
screen_shot_b.png,26845,png,archive only,presentation/figure source
screen_shot_c.png,26800,png,archive only,presentation/figure source
theconversation/PostCovidSurveillance_sdh.docx,69964,docx,archive only,other archive material
ztree_executables/140515_1354.gsf,4,gsf,needs review,data or experiment output
ztree_executables/140515_1410.gsf,4,gsf,needs review,data or experiment output
ztree_executables/140515_2218.gsf,4,gsf,needs review,data or experiment output
ztree_executables/140516_1302.gsf,4,gsf,needs review,data or experiment output
ztree_executables/140516_1315.gsf,4,gsf,needs review,data or experiment output
ztree_executables/140516_1327.gsf,6201,gsf,needs review,data or experiment output
ztree_executables/140516_1327.sbj,117,sbj,needs review,data or experiment output
ztree_executables/140516_1327.xls,480,xls,archive only,data or experiment output
ztree_executables/140516_1557.gsf,4,gsf,needs review,data or experiment output
ztree_executables/140516_2022.gsf,191,gsf,needs review,data or experiment output
ztree_executables/140519_1133.gsf,311,gsf,needs review,data or experiment output
ztree_executables/140519_1137.gsf,191,gsf,needs review,data or experiment output
ztree_executables/140519_1445.gsf,258,gsf,needs review,data or experiment output
ztree_executables/140519_1507.gsf,205,gsf,needs review,data or experiment output
ztree_executables/140519_1519.gsf,138,gsf,needs review,data or experiment output
ztree_executables/140523_1637.gsf,282545,gsf,needs review,data or experiment output
ztree_executables/140523_1637.sbj,118,sbj,needs review,data or experiment output
ztree_executables/140523_1641.gsf,141063,gsf,needs review,data or experiment output
ztree_executables/140523_1641.sbj,110,sbj,needs review,data or experiment output
ztree_executables/140523_1651.gsf,141073,gsf,needs review,data or experiment output
ztree_executables/140523_1651.sbj,120,sbj,needs review,data or experiment output
ztree_executables/140523_1924.gsf,430884,gsf,needs review,data or experiment output
ztree_executables/140523_1924.sbj,120,sbj,needs review,data or experiment output
ztree_executables/140523_1924.xls,2479,xls,archive only,data or experiment output
ztree_executables/140523_1954.gsf,239645,gsf,needs review,data or experiment output
ztree_executables/140523_1954.sbj,129,sbj,needs review,data or experiment output
ztree_executables/140523_1958.gsf,145284,gsf,needs review,data or experiment output
ztree_executables/140523_1958.sbj,120,sbj,needs review,data or experiment output
ztree_executables/140526_1253.gsf,4,gsf,needs review,data or experiment output
ztree_executables/140526_1259.gsf,166914,gsf,needs review,data or experiment output
ztree_executables/140526_1259.sbj,120,sbj,needs review,data or experiment output
ztree_executables/140526_1310.gsf,239785,gsf,needs review,data or experiment output
ztree_executables/140526_1310.sbj,129,sbj,needs review,data or experiment output
ztree_executables/140526_1314.gsf,141044,gsf,needs review,data or experiment output
ztree_executables/140526_1314.sbj,120,sbj,needs review,data or experiment output
ztree_executables/140526_2202.gsf,145396,gsf,needs review,data or experiment output
ztree_executables/140526_2202.sbj,120,sbj,needs review,data or experiment output
ztree_executables/140526_2210.gsf,145404,gsf,needs review,data or experiment output
ztree_executables/140526_2210.sbj,120,sbj,needs review,data or experiment output
ztree_executables/140526_2214.gsf,158186,gsf,needs review,data or experiment output
ztree_executables/140526_2214.sbj,120,sbj,needs review,data or experiment output
ztree_executables/140526_2216.gsf,240031,gsf,needs review,data or experiment output
ztree_executables/140526_2216.sbj,129,sbj,needs review,data or experiment output
ztree_executables/140526_2219.gsf,218481,gsf,needs review,data or experiment output
ztree_executables/140526_2219.sbj,129,sbj,needs review,data or experiment output
ztree_executables/@1.ztt,72937,ztt,archive only,zTree program
ztree_executables/@10.ztt,72937,ztt,archive only,zTree program
ztree_executables/@11.ztt,72997,ztt,archive only,zTree program
ztree_executables/@12.ztt,72937,ztt,archive only,zTree program
ztree_executables/@13.ztt,72921,ztt,archive only,zTree program
ztree_executables/@14.ztt,72981,ztt,archive only,zTree program
ztree_executables/@15.ztt,72921,ztt,archive only,zTree program
ztree_executables/@16.ztt,72993,ztt,archive only,zTree program
ztree_executables/@17.ztt,72997,ztt,archive only,zTree program
ztree_executables/@18.ztt,73001,ztt,archive only,zTree program
ztree_executables/@19.ztt,73061,ztt,archive only,zTree program
ztree_executables/@2.ztt,72937,ztt,archive only,zTree program
ztree_executables/@20.ztt,73061,ztt,archive only,zTree program
ztree_executables/@3.ztt,72937,ztt,archive only,zTree program
ztree_executables/@4.ztt,72937,ztt,archive only,zTree program
ztree_executables/@5.ztt,72937,ztt,archive only,zTree program
ztree_executables/@6.ztt,73057,ztt,archive only,zTree program
ztree_executables/@7.ztt,72937,ztt,archive only,zTree program
ztree_executables/@8.ztt,72937,ztt,archive only,zTree program
ztree_executables/@9.ztt,72937,ztt,archive only,zTree program
ztree_executables/@db.txt,270,txt,archive only,other archive material
ztree_executables/@lastclt.txt,78,txt,archive only,other archive material
ztree_executables/@prevdb.txt,270,txt,archive only,other archive material
ztree_executables/labs2subjects - alttabbed.bat,557,bat,archive only,other archive material
ztree_executables/labs2subjects.bat,134,bat,archive only,other archive material
ztree_executables/labs3subjects - alttabbed.bat,559,bat,archive only,other archive material
ztree_executables/labs3subjects.bat,207,bat,archive only,other archive material
ztree_executables/server.eec,12,eec,archive only,other archive material
ztree_executables/stuff i did while i played around with ztree/@1.ztq,299,ztq,archive only,zTree program
ztree_executables/stuff i did while i played around with ztree/@1.ztt,2378,ztt,archive only,zTree program
ztree_executables/stuff i did while i played around with ztree/@2.ztq,299,ztq,archive only,zTree program
ztree_executables/stuff i did while i played around with ztree/@db.txt,259,txt,archive only,other archive material
ztree_executables/stuff i did while i played around with ztree/@lastclt.txt,32,txt,archive only,other archive material
ztree_executables/stuff i did while i played around with ztree/@prevdb.txt,203,txt,archive only,other archive material
ztree_executables/zleaf.exe,1093632,exe,exclude,other archive material
ztree_executables/ztree.exe,1646592,exe,exclude,other archive material
ztree_lectures/1. Lecture.pdf,4203320,pdf,archive only,other archive material
ztree_lectures/2. Fischbacher 2008 zTree Tutorial.PDF,288818,pdf,archive only,other archive material
ztree_lectures/3. Vesely - 2009 - zTree.PDF,7811624,pdf,archive only,other archive material
ztree_program/01 - Main Treatment - Copy.ztt,73001,ztt,archive only,zTree program
ztree_program/01 - Main Treatment.ztt,72937,ztt,include,zTree program
ztree_program/02 - Questionnaire.ztq,4736,ztq,include,zTree program
ztree_program/03 - Payoff Information.ztt,5052,ztt,include,zTree program
ztree_program/C10_A_2014.04.24.pdf,129215,pdf,archive only,other archive material
ztree_program/TP10_US.pdf,119411,pdf,archive only,other archive material
ztree_program/screen_shot_C10_a.png,26845,png,archive only,presentation/figure source
ztree_program/screen_shot_C10_b.png,21995,png,archive only,presentation/figure source
ztree_program/screen_shot_TP10_a.png,26800,png,archive only,presentation/figure source
ztree_program/screen_shot_TP10_c.png,22114,png,archive only,presentation/figure source
